areaType,areaName,areaCode,date,newCasesBySpecimenDate,cumCasesBySpecimenDate
overview,United Kingdom,K02000001,2022/3/10,38500,19530485
overview,United Kingdom,K02000001,2022/3/9,70178,19491985
overview,United Kingdom,K02000001,2022/3/8,69203,19421807
overview,United Kingdom,K02000001,2022/3/7,68173,19352604
overview,United Kingdom,K02000001,2022/3/6,48850,19284431
overview,United Kingdom,K02000001,2022/3/5,38594,19235581
overview,United Kingdom,K02000001,2022/3/4,41272,19196987
overview,United Kingdom,K02000001,2022/3/3,43624,19155715
overview,United Kingdom,K02000001,2022/3/2,46093,19112091
overview,United Kingdom,K02000001,2022/3/1,44664,19065998
overview,United Kingdom,K02000001,2022/2/28,44582,19021334
overview,United Kingdom,K02000001,2022/2/27,31337,18976752
overview,United Kingdom,K02000001,2022/2/26,25044,18945415
overview,United Kingdom,K02000001,2022/2/25,27743,18920371
overview,United Kingdom,K02000001,2022/2/24,30465,18892628
overview,United Kingdom,K02000001,2022/2/23,36283,18862163
overview,United Kingdom,K02000001,2022/2/22,39015,18825880
overview,United Kingdom,K02000001,2022/2/21,45050,18786865
overview,United Kingdom,K02000001,2022/2/20,37646,18741815
overview,United Kingdom,K02000001,2022/2/19,34575,18704169
overview,United Kingdom,K02000001,2022/2/18,33183,18669594
overview,United Kingdom,K02000001,2022/2/17,44529,18636411
overview,United Kingdom,K02000001,2022/2/16,51304,18591882
overview,United Kingdom,K02000001,2022/2/15,52295,18540578
overview,United Kingdom,K02000001,2022/2/14,54538,18488283
overview,United Kingdom,K02000001,2022/2/13,41739,18433745
overview,United Kingdom,K02000001,2022/2/12,37433,18392006
overview,United Kingdom,K02000001,2022/2/11,44444,18354573
overview,United Kingdom,K02000001,2022/2/10,52074,18310129
overview,United Kingdom,K02000001,2022/2/9,63974,18258055
overview,United Kingdom,K02000001,2022/2/8,69184,18194081
overview,United Kingdom,K02000001,2022/2/7,76104,18124897
overview,United Kingdom,K02000001,2022/2/6,60420,18048793
overview,United Kingdom,K02000001,2022/2/5,52164,17988373
overview,United Kingdom,K02000001,2022/2/4,63125,17936209
overview,United Kingdom,K02000001,2022/2/3,76554,17873084
overview,United Kingdom,K02000001,2022/2/2,88310,17796530
overview,United Kingdom,K02000001,2022/2/1,93593,17708220
overview,United Kingdom,K02000001,2022/1/31,104884,17614627
overview,United Kingdom,K02000001,2022/1/30,87510,17509743
overview,United Kingdom,K02000001,2022/1/29,73460,17422233
overview,United Kingdom,K02000001,2022/1/28,83984,17348773
overview,United Kingdom,K02000001,2022/1/27,96130,17264789
overview,United Kingdom,K02000001,2022/1/26,108626,17168659
overview,United Kingdom,K02000001,2022/1/25,113113,17060033
overview,United Kingdom,K02000001,2022/1/24,127231,16946920
overview,United Kingdom,K02000001,2022/1/23,102300,16819689
overview,United Kingdom,K02000001,2022/1/22,81642,16717389
overview,United Kingdom,K02000001,2022/1/21,91497,16635747
overview,United Kingdom,K02000001,2022/1/20,100217,16544250
overview,United Kingdom,K02000001,2022/1/19,111645,16444033
overview,United Kingdom,K02000001,2022/1/18,118668,16332388
overview,United Kingdom,K02000001,2022/1/17,131366,16213720
overview,United Kingdom,K02000001,2022/1/16,97986,16082354
overview,United Kingdom,K02000001,2022/1/15,77856,15984368
overview,United Kingdom,K02000001,2022/1/14,86217,15906512
overview,United Kingdom,K02000001,2022/1/13,96306,15820295
overview,United Kingdom,K02000001,2022/1/12,103135,15723989
overview,United Kingdom,K02000001,2022/1/11,115163,15620854
overview,United Kingdom,K02000001,2022/1/10,132653,15505691
overview,United Kingdom,K02000001,2022/1/9,95688,15373038
overview,United Kingdom,K02000001,2022/1/8,93544,15277350
overview,United Kingdom,K02000001,2022/1/7,120167,15183806
overview,United Kingdom,K02000001,2022/1/6,172773,15063639
overview,United Kingdom,K02000001,2022/1/5,221986,14890866
overview,United Kingdom,K02000001,2022/1/4,275545,14668880
overview,United Kingdom,K02000001,2022/1/3,229803,14393335
overview,United Kingdom,K02000001,2022/1/2,181001,14163532
overview,United Kingdom,K02000001,2022/1/1,118173,13982531
overview,United Kingdom,K02000001,2021/12/31,188512,13864358
overview,United Kingdom,K02000001,2021/12/30,236486,13675846
overview,United Kingdom,K02000001,2021/12/29,272713,13439360
overview,United Kingdom,K02000001,2021/12/28,212421,13166647
overview,United Kingdom,K02000001,2021/12/27,194955,12954226
overview,United Kingdom,K02000001,2021/12/26,116263,12759271
overview,United Kingdom,K02000001,2021/12/25,70355,12643008
overview,United Kingdom,K02000001,2021/12/24,137239,12572653
overview,United Kingdom,K02000001,2021/12/23,160443,12435414
overview,United Kingdom,K02000001,2021/12/22,161362,12274971
overview,United Kingdom,K02000001,2021/12/21,150248,12113609
overview,United Kingdom,K02000001,2021/12/20,133910,11963361
overview,United Kingdom,K02000001,2021/12/19,89098,11829451
overview,United Kingdom,K02000001,2021/12/18,88866,11740353
overview,United Kingdom,K02000001,2021/12/17,95863,11651487
overview,United Kingdom,K02000001,2021/12/16,106030,11555624
overview,United Kingdom,K02000001,2021/12/15,112662,11449594
overview,United Kingdom,K02000001,2021/12/14,102752,11336932
overview,United Kingdom,K02000001,2021/12/13,87147,11234180
overview,United Kingdom,K02000001,2021/12/12,53137,11147033
overview,United Kingdom,K02000001,2021/12/11,48592,11093896
overview,United Kingdom,K02000001,2021/12/10,52474,11045304
overview,United Kingdom,K02000001,2021/12/9,56975,10992830
overview,United Kingdom,K02000001,2021/12/8,58876,10935855
overview,United Kingdom,K02000001,2021/12/7,56227,10876979
overview,United Kingdom,K02000001,2021/12/6,59661,10820752
overview,United Kingdom,K02000001,2021/12/5,41013,10761091
overview,United Kingdom,K02000001,2021/12/4,38779,10720078
overview,United Kingdom,K02000001,2021/12/3,45659,10681299
overview,United Kingdom,K02000001,2021/12/2,50301,10635640
overview,United Kingdom,K02000001,2021/12/1,54808,10585339
overview,United Kingdom,K02000001,2021/11/30,55685,10530531
overview,United Kingdom,K02000001,2021/11/29,56283,10474846
overview,United Kingdom,K02000001,2021/11/28,39690,10418563
overview,United Kingdom,K02000001,2021/11/27,33290,10378873
overview,United Kingdom,K02000001,2021/11/26,39324,10345583
overview,United Kingdom,K02000001,2021/11/25,43409,10306259
overview,United Kingdom,K02000001,2021/11/24,46759,10262850
overview,United Kingdom,K02000001,2021/11/23,48180,10216091
overview,United Kingdom,K02000001,2021/11/22,50719,10167911
overview,United Kingdom,K02000001,2021/11/21,37245,10117192
overview,United Kingdom,K02000001,2021/11/20,35326,10079947
overview,United Kingdom,K02000001,2021/11/19,39589,10044621
overview,United Kingdom,K02000001,2021/11/18,44053,10005032
overview,United Kingdom,K02000001,2021/11/17,45890,9960979
overview,United Kingdom,K02000001,2021/11/16,46415,9915089
overview,United Kingdom,K02000001,2021/11/15,50944,9868674
overview,United Kingdom,K02000001,2021/11/14,35506,9817730
overview,United Kingdom,K02000001,2021/11/13,32878,9782224
overview,United Kingdom,K02000001,2021/11/12,37757,9749346
overview,United Kingdom,K02000001,2021/11/11,40985,9711589
overview,United Kingdom,K02000001,2021/11/10,42926,9670604
overview,United Kingdom,K02000001,2021/11/9,42236,9627678
overview,United Kingdom,K02000001,2021/11/8,44120,9585442
overview,United Kingdom,K02000001,2021/11/7,30582,9541322
overview,United Kingdom,K02000001,2021/11/6,27441,9510740
overview,United Kingdom,K02000001,2021/11/5,30323,9483299
overview,United Kingdom,K02000001,2021/11/4,33650,9452976
overview,United Kingdom,K02000001,2021/11/3,35972,9419326
overview,United Kingdom,K02000001,2021/11/2,38010,9383354
overview,United Kingdom,K02000001,2021/11/1,45103,9345344
overview,United Kingdom,K02000001,2021/10/31,34794,9300241
overview,United Kingdom,K02000001,2021/10/30,33556,9265447
overview,United Kingdom,K02000001,2021/10/29,40239,9231891
overview,United Kingdom,K02000001,2021/10/28,41374,9191652
overview,United Kingdom,K02000001,2021/10/27,43034,9150278
overview,United Kingdom,K02000001,2021/10/26,42110,9107244
overview,United Kingdom,K02000001,2021/10/25,47447,9065134
overview,United Kingdom,K02000001,2021/10/24,35756,9017687
overview,United Kingdom,K02000001,2021/10/23,35096,8981931
overview,United Kingdom,K02000001,2021/10/22,40657,8946835
overview,United Kingdom,K02000001,2021/10/21,45194,8906178
overview,United Kingdom,K02000001,2021/10/20,51650,8860984
overview,United Kingdom,K02000001,2021/10/19,52511,8809334
overview,United Kingdom,K02000001,2021/10/18,57727,8756823
overview,United Kingdom,K02000001,2021/10/17,43746,8699096
overview,United Kingdom,K02000001,2021/10/16,37870,8655350
overview,United Kingdom,K02000001,2021/10/15,43545,8617480
overview,United Kingdom,K02000001,2021/10/14,46411,8573935
overview,United Kingdom,K02000001,2021/10/13,47766,8527524
overview,United Kingdom,K02000001,2021/10/12,48297,8479758
overview,United Kingdom,K02000001,2021/10/11,50285,8431461
overview,United Kingdom,K02000001,2021/10/10,36407,8381176
overview,United Kingdom,K02000001,2021/10/9,32296,8344769
overview,United Kingdom,K02000001,2021/10/8,35597,8312473
overview,United Kingdom,K02000001,2021/10/7,38461,8276876
overview,United Kingdom,K02000001,2021/10/6,39255,8238415
overview,United Kingdom,K02000001,2021/10/5,39261,8199160
overview,United Kingdom,K02000001,2021/10/4,43728,8159899
overview,United Kingdom,K02000001,2021/10/3,32051,8116171
overview,United Kingdom,K02000001,2021/10/2,26308,8084120
overview,United Kingdom,K02000001,2021/10/1,29051,8057812
overview,United Kingdom,K02000001,2021/9/30,32588,8028761
overview,United Kingdom,K02000001,2021/9/29,34819,7996173
overview,United Kingdom,K02000001,2021/9/28,36540,7961354
overview,United Kingdom,K02000001,2021/9/27,41581,7924814
overview,United Kingdom,K02000001,2021/9/26,32065,7883233
overview,United Kingdom,K02000001,2021/9/25,28562,7851168
overview,United Kingdom,K02000001,2021/9/24,32094,7822606
overview,United Kingdom,K02000001,2021/9/23,35838,7790512
overview,United Kingdom,K02000001,2021/9/22,36749,7754674
overview,United Kingdom,K02000001,2021/9/21,38835,7717925
overview,United Kingdom,K02000001,2021/9/20,40755,7679090
overview,United Kingdom,K02000001,2021/9/19,31082,7638335
overview,United Kingdom,K02000001,2021/9/18,26639,7607253
overview,United Kingdom,K02000001,2021/9/17,29463,7580614
overview,United Kingdom,K02000001,2021/9/16,29548,7551151
overview,United Kingdom,K02000001,2021/9/15,30374,7521603
overview,United Kingdom,K02000001,2021/9/14,31417,7491229
overview,United Kingdom,K02000001,2021/9/13,34650,7459812
overview,United Kingdom,K02000001,2021/9/12,24053,7425162
overview,United Kingdom,K02000001,2021/9/11,23531,7401109
overview,United Kingdom,K02000001,2021/9/10,29173,7377578
overview,United Kingdom,K02000001,2021/9/9,33965,7348405
overview,United Kingdom,K02000001,2021/9/8,35840,7314440
overview,United Kingdom,K02000001,2021/9/7,38610,7278600
overview,United Kingdom,K02000001,2021/9/6,44915,7239990
overview,United Kingdom,K02000001,2021/9/5,31799,7195075
overview,United Kingdom,K02000001,2021/9/4,31804,7163276
overview,United Kingdom,K02000001,2021/9/3,38625,7131472
overview,United Kingdom,K02000001,2021/9/2,42309,7092847
overview,United Kingdom,K02000001,2021/9/1,43516,7050538
overview,United Kingdom,K02000001,2021/8/31,45205,7007022
overview,United Kingdom,K02000001,2021/8/30,34754,6961817
overview,United Kingdom,K02000001,2021/8/29,26131,6927063
overview,United Kingdom,K02000001,2021/8/28,27592,6900932
overview,United Kingdom,K02000001,2021/8/27,33733,6873340
overview,United Kingdom,K02000001,2021/8/26,37606,6839607
overview,United Kingdom,K02000001,2021/8/25,38768,6802001
overview,United Kingdom,K02000001,2021/8/24,37670,6763233
overview,United Kingdom,K02000001,2021/8/23,39708,6725563
overview,United Kingdom,K02000001,2021/8/22,28727,6685855
overview,United Kingdom,K02000001,2021/8/21,28515,6657128
overview,United Kingdom,K02000001,2021/8/20,32223,6628613
overview,United Kingdom,K02000001,2021/8/19,36483,6596390
overview,United Kingdom,K02000001,2021/8/18,38736,6559907
overview,United Kingdom,K02000001,2021/8/17,37908,6521171
overview,United Kingdom,K02000001,2021/8/16,36896,6483263
overview,United Kingdom,K02000001,2021/8/15,25322,6446367
overview,United Kingdom,K02000001,2021/8/14,25056,6421045
overview,United Kingdom,K02000001,2021/8/13,28969,6395989
overview,United Kingdom,K02000001,2021/8/12,31721,6367020
overview,United Kingdom,K02000001,2021/8/11,33346,6335299
overview,United Kingdom,K02000001,2021/8/10,31514,6301953
overview,United Kingdom,K02000001,2021/8/9,32159,6270439
overview,United Kingdom,K02000001,2021/8/8,22879,6238280
overview,United Kingdom,K02000001,2021/8/7,22567,6215401
overview,United Kingdom,K02000001,2021/8/6,28058,6192834
overview,United Kingdom,K02000001,2021/8/5,31662,6164776
overview,United Kingdom,K02000001,2021/8/4,32336,6133114
overview,United Kingdom,K02000001,2021/8/3,30444,6100778
overview,United Kingdom,K02000001,2021/8/2,29834,6070334
overview,United Kingdom,K02000001,2021/8/1,20899,6040500
overview,United Kingdom,K02000001,2021/7/31,20568,6019601
overview,United Kingdom,K02000001,2021/7/30,24745,5999033
overview,United Kingdom,K02000001,2021/7/29,28428,5974288
overview,United Kingdom,K02000001,2021/7/28,30235,5945860
overview,United Kingdom,K02000001,2021/7/27,29574,5915625
overview,United Kingdom,K02000001,2021/7/26,29976,5886051
overview,United Kingdom,K02000001,2021/7/25,22173,5856075
overview,United Kingdom,K02000001,2021/7/24,22848,5833902
overview,United Kingdom,K02000001,2021/7/23,27764,5811054
overview,United Kingdom,K02000001,2021/7/22,31274,5783290
overview,United Kingdom,K02000001,2021/7/21,35535,5752016
overview,United Kingdom,K02000001,2021/7/20,39869,5716481
overview,United Kingdom,K02000001,2021/7/19,47910,5676612
overview,United Kingdom,K02000001,2021/7/18,36180,5628702
overview,United Kingdom,K02000001,2021/7/17,38472,5592522
overview,United Kingdom,K02000001,2021/7/16,55264,5554050
overview,United Kingdom,K02000001,2021/7/15,61996,5498786
overview,United Kingdom,K02000001,2021/7/14,54907,5436790
overview,United Kingdom,K02000001,2021/7/13,47702,5381883
overview,United Kingdom,K02000001,2021/7/12,44505,5334181
overview,United Kingdom,K02000001,2021/7/11,30502,5289676
overview,United Kingdom,K02000001,2021/7/10,28373,5259174
overview,United Kingdom,K02000001,2021/7/9,32799,5230801
overview,United Kingdom,K02000001,2021/7/8,33999,5198002
overview,United Kingdom,K02000001,2021/7/7,38594,5164003
overview,United Kingdom,K02000001,2021/7/6,36041,5125409
overview,United Kingdom,K02000001,2021/7/5,34896,5089368
overview,United Kingdom,K02000001,2021/7/4,25154,5054472
overview,United Kingdom,K02000001,2021/7/3,24006,5029318
overview,United Kingdom,K02000001,2021/7/2,26340,5005312
overview,United Kingdom,K02000001,2021/7/1,28794,4978972
overview,United Kingdom,K02000001,2021/6/30,28922,4950178
overview,United Kingdom,K02000001,2021/6/29,28200,4921256
overview,United Kingdom,K02000001,2021/6/28,28418,4893056
overview,United Kingdom,K02000001,2021/6/27,18502,4864638
overview,United Kingdom,K02000001,2021/6/26,16300,4846136
overview,United Kingdom,K02000001,2021/6/25,18169,4829836
overview,United Kingdom,K02000001,2021/6/24,18711,4811667
overview,United Kingdom,K02000001,2021/6/23,18350,4792956
overview,United Kingdom,K02000001,2021/6/22,17403,4774606
overview,United Kingdom,K02000001,2021/6/21,16307,4757203
overview,United Kingdom,K02000001,2021/6/20,10087,4740896
overview,United Kingdom,K02000001,2021/6/19,8445,4730809
overview,United Kingdom,K02000001,2021/6/18,10320,4722364
overview,United Kingdom,K02000001,2021/6/17,11106,4712044
overview,United Kingdom,K02000001,2021/6/16,11051,4700938
overview,United Kingdom,K02000001,2021/6/15,10795,4689887
overview,United Kingdom,K02000001,2021/6/14,10362,4679092
overview,United Kingdom,K02000001,2021/6/13,7134,4668730
overview,United Kingdom,K02000001,2021/6/12,6284,4661596
overview,United Kingdom,K02000001,2021/6/11,7619,4655312
overview,United Kingdom,K02000001,2021/6/10,8042,4647693
overview,United Kingdom,K02000001,2021/6/9,8209,4639651
overview,United Kingdom,K02000001,2021/6/8,7896,4631442
overview,United Kingdom,K02000001,2021/6/7,7945,4623546
overview,United Kingdom,K02000001,2021/6/6,5533,4615601
overview,United Kingdom,K02000001,2021/6/5,4731,4610068
overview,United Kingdom,K02000001,2021/6/4,5858,4605337
overview,United Kingdom,K02000001,2021/6/3,6256,4599479
overview,United Kingdom,K02000001,2021/6/2,6168,4593223
overview,United Kingdom,K02000001,2021/6/1,5431,4587055
overview,United Kingdom,K02000001,2021/5/31,3897,4581624
overview,United Kingdom,K02000001,2021/5/30,3164,4577727
overview,United Kingdom,K02000001,2021/5/29,2999,4574563
overview,United Kingdom,K02000001,2021/5/28,3589,4571564
overview,United Kingdom,K02000001,2021/5/27,3747,4567975
overview,United Kingdom,K02000001,2021/5/26,3921,4564228
overview,United Kingdom,K02000001,2021/5/25,3427,4560307
overview,United Kingdom,K02000001,2021/5/24,3368,4556880
overview,United Kingdom,K02000001,2021/5/23,2326,4553512
overview,United Kingdom,K02000001,2021/5/22,2000,4551186
overview,United Kingdom,K02000001,2021/5/21,2366,4549186
overview,United Kingdom,K02000001,2021/5/20,2517,4546820
overview,United Kingdom,K02000001,2021/5/19,2812,4544303
overview,United Kingdom,K02000001,2021/5/18,2812,4541491
overview,United Kingdom,K02000001,2021/5/17,2858,4538679
overview,United Kingdom,K02000001,2021/5/16,1922,4535821
overview,United Kingdom,K02000001,2021/5/15,1626,4533899
overview,United Kingdom,K02000001,2021/5/14,1936,4532273
overview,United Kingdom,K02000001,2021/5/13,2182,4530337
overview,United Kingdom,K02000001,2021/5/12,2335,4528155
overview,United Kingdom,K02000001,2021/5/11,2328,4525820
overview,United Kingdom,K02000001,2021/5/10,2808,4523492
overview,United Kingdom,K02000001,2021/5/9,2306,4520684
overview,United Kingdom,K02000001,2021/5/8,1606,4518378
overview,United Kingdom,K02000001,2021/5/7,1981,4516772
overview,United Kingdom,K02000001,2021/5/6,2325,4514791
overview,United Kingdom,K02000001,2021/5/5,2568,4512466
overview,United Kingdom,K02000001,2021/5/4,2550,4509898
overview,United Kingdom,K02000001,2021/5/3,2084,4507348
overview,United Kingdom,K02000001,2021/5/2,1521,4505264
overview,United Kingdom,K02000001,2021/5/1,1431,4503743
overview,United Kingdom,K02000001,2021/4/30,1825,4502312
overview,United Kingdom,K02000001,2021/4/29,2230,4500487
overview,United Kingdom,K02000001,2021/4/28,2498,4498257
overview,United Kingdom,K02000001,2021/4/27,2178,4495759
overview,United Kingdom,K02000001,2021/4/26,2625,4493581
overview,United Kingdom,K02000001,2021/4/25,2119,4490956
overview,United Kingdom,K02000001,2021/4/24,1564,4488837
overview,United Kingdom,K02000001,2021/4/23,2020,4487273
overview,United Kingdom,K02000001,2021/4/22,2409,4485253
overview,United Kingdom,K02000001,2021/4/21,2709,4482844
overview,United Kingdom,K02000001,2021/4/20,2541,4480135
overview,United Kingdom,K02000001,2021/4/19,2738,4477594
overview,United Kingdom,K02000001,2021/4/18,2584,4474856
overview,United Kingdom,K02000001,2021/4/17,1721,4472272
overview,United Kingdom,K02000001,2021/4/16,2347,4470551
overview,United Kingdom,K02000001,2021/4/15,2342,4468204
overview,United Kingdom,K02000001,2021/4/14,2512,4465862
overview,United Kingdom,K02000001,2021/4/13,2495,4463350
overview,United Kingdom,K02000001,2021/4/12,2878,4460855
overview,United Kingdom,K02000001,2021/4/11,2376,4457977
overview,United Kingdom,K02000001,2021/4/10,2380,4455601
overview,United Kingdom,K02000001,2021/4/9,2952,4453221
overview,United Kingdom,K02000001,2021/4/8,3148,4450269
overview,United Kingdom,K02000001,2021/4/7,3253,4447121
overview,United Kingdom,K02000001,2021/4/6,3311,4443868
overview,United Kingdom,K02000001,2021/4/5,2744,4440557
overview,United Kingdom,K02000001,2021/4/4,2411,4437813
overview,United Kingdom,K02000001,2021/4/3,2505,4435402
overview,United Kingdom,K02000001,2021/4/2,2747,4432897
overview,United Kingdom,K02000001,2021/4/1,3674,4430150
overview,United Kingdom,K02000001,2021/3/31,3967,4426476
overview,United Kingdom,K02000001,2021/3/30,3776,4422509
overview,United Kingdom,K02000001,2021/3/29,4195,4418733
overview,United Kingdom,K02000001,2021/3/28,5028,4414538
overview,United Kingdom,K02000001,2021/3/27,3731,4409510
overview,United Kingdom,K02000001,2021/3/26,4567,4405779
overview,United Kingdom,K02000001,2021/3/25,5616,4401212
overview,United Kingdom,K02000001,2021/3/24,6222,4395596
overview,United Kingdom,K02000001,2021/3/23,5481,4389374
overview,United Kingdom,K02000001,2021/3/22,6458,4383893
overview,United Kingdom,K02000001,2021/3/21,5388,4377435
overview,United Kingdom,K02000001,2021/3/20,4246,4372047
overview,United Kingdom,K02000001,2021/3/19,5176,4367801
overview,United Kingdom,K02000001,2021/3/18,5623,4362625
overview,United Kingdom,K02000001,2021/3/17,5976,4357002
overview,United Kingdom,K02000001,2021/3/16,5849,4351026
overview,United Kingdom,K02000001,2021/3/15,6697,4345177
overview,United Kingdom,K02000001,2021/3/14,4424,4338480
overview,United Kingdom,K02000001,2021/3/13,4379,4334056
overview,United Kingdom,K02000001,2021/3/12,5716,4329677
overview,United Kingdom,K02000001,2021/3/11,5934,4323961
overview,United Kingdom,K02000001,2021/3/10,6251,4318027
overview,United Kingdom,K02000001,2021/3/9,6488,4311776
overview,United Kingdom,K02000001,2021/3/8,6890,4305288
overview,United Kingdom,K02000001,2021/3/7,4410,4298398
overview,United Kingdom,K02000001,2021/3/6,4629,4293988
overview,United Kingdom,K02000001,2021/3/5,5467,4289359
overview,United Kingdom,K02000001,2021/3/4,5937,4283892
overview,United Kingdom,K02000001,2021/3/3,6172,4277955
overview,United Kingdom,K02000001,2021/3/2,6919,4271783
overview,United Kingdom,K02000001,2021/3/1,7193,4264864
overview,United Kingdom,K02000001,2021/2/28,4873,4257671
overview,United Kingdom,K02000001,2021/2/27,4949,4252798
overview,United Kingdom,K02000001,2021/2/26,6783,4247849
overview,United Kingdom,K02000001,2021/2/25,8025,4241066
overview,United Kingdom,K02000001,2021/2/24,8846,4233041
overview,United Kingdom,K02000001,2021/2/23,9763,4224195
overview,United Kingdom,K02000001,2021/2/22,11656,4214432
overview,United Kingdom,K02000001,2021/2/21,8098,4202776
overview,United Kingdom,K02000001,2021/2/20,8313,4194678
overview,United Kingdom,K02000001,2021/2/19,10728,4186365
overview,United Kingdom,K02000001,2021/2/18,11794,4175637
overview,United Kingdom,K02000001,2021/2/17,11942,4163843
overview,United Kingdom,K02000001,2021/2/16,12942,4151901
overview,United Kingdom,K02000001,2021/2/15,14736,4138959
overview,United Kingdom,K02000001,2021/2/14,8994,4124223
overview,United Kingdom,K02000001,2021/2/13,9033,4115229
overview,United Kingdom,K02000001,2021/2/12,12573,4106196
overview,United Kingdom,K02000001,2021/2/11,13139,4093623
overview,United Kingdom,K02000001,2021/2/10,13899,4080484
overview,United Kingdom,K02000001,2021/2/9,14225,4066585
overview,United Kingdom,K02000001,2021/2/8,16193,4052360
overview,United Kingdom,K02000001,2021/2/7,11664,4036167
overview,United Kingdom,K02000001,2021/2/6,12321,4024503
overview,United Kingdom,K02000001,2021/2/5,16308,4012182
overview,United Kingdom,K02000001,2021/2/4,18493,3995874
overview,United Kingdom,K02000001,2021/2/3,19915,3977381
overview,United Kingdom,K02000001,2021/2/2,20270,3957466
overview,United Kingdom,K02000001,2021/2/1,22972,3937196
overview,United Kingdom,K02000001,2021/1/31,15784,3914224
overview,United Kingdom,K02000001,2021/1/30,17167,3898440
overview,United Kingdom,K02000001,2021/1/29,22434,3881273
overview,United Kingdom,K02000001,2021/1/28,24776,3858839
overview,United Kingdom,K02000001,2021/1/27,26303,3834063
overview,United Kingdom,K02000001,2021/1/26,27731,3807760
overview,United Kingdom,K02000001,2021/1/25,30739,3780029
overview,United Kingdom,K02000001,2021/1/24,17554,3749290
overview,United Kingdom,K02000001,2021/1/23,22347,3731736
overview,United Kingdom,K02000001,2021/1/22,30330,3709389
overview,United Kingdom,K02000001,2021/1/21,32503,3679059
overview,United Kingdom,K02000001,2021/1/20,35987,3646556
overview,United Kingdom,K02000001,2021/1/19,40528,3610569
overview,United Kingdom,K02000001,2021/1/18,45960,3570041
overview,United Kingdom,K02000001,2021/1/17,29593,3524081
overview,United Kingdom,K02000001,2021/1/16,31250,3494488
overview,United Kingdom,K02000001,2021/1/15,41451,3463238
overview,United Kingdom,K02000001,2021/1/14,43474,3421787
overview,United Kingdom,K02000001,2021/1/13,46511,3378313
overview,United Kingdom,K02000001,2021/1/12,50649,3331802
overview,United Kingdom,K02000001,2021/1/11,58593,3281153
overview,United Kingdom,K02000001,2021/1/10,37175,3222560
overview,United Kingdom,K02000001,2021/1/9,40036,3185385
overview,United Kingdom,K02000001,2021/1/8,48105,3145349
overview,United Kingdom,K02000001,2021/1/7,53190,3097244
overview,United Kingdom,K02000001,2021/1/6,58787,3044054
overview,United Kingdom,K02000001,2021/1/5,66638,2985267
overview,United Kingdom,K02000001,2021/1/4,77974,2918629
overview,United Kingdom,K02000001,2021/1/3,56338,2840655
overview,United Kingdom,K02000001,2021/1/2,61655,2784317
overview,United Kingdom,K02000001,2021/1/1,32485,2722662
overview,United Kingdom,K02000001,2020/12/31,53948,2690177
overview,United Kingdom,K02000001,2020/12/30,72161,2636229
overview,United Kingdom,K02000001,2020/12/29,83091,2564068
overview,United Kingdom,K02000001,2020/12/28,46410,2480977
overview,United Kingdom,K02000001,2020/12/27,48520,2434567
overview,United Kingdom,K02000001,2020/12/26,41110,2386047
overview,United Kingdom,K02000001,2020/12/25,14420,2344937
overview,United Kingdom,K02000001,2020/12/24,32393,2330517
overview,United Kingdom,K02000001,2020/12/23,42938,2298124
overview,United Kingdom,K02000001,2020/12/22,46477,2255186
overview,United Kingdom,K02000001,2020/12/21,48193,2208709
overview,United Kingdom,K02000001,2020/12/20,33067,2160516
overview,United Kingdom,K02000001,2020/12/19,25590,2127449
overview,United Kingdom,K02000001,2020/12/18,36422,2101859
overview,United Kingdom,K02000001,2020/12/17,34436,2065437
overview,United Kingdom,K02000001,2020/12/16,35432,2031001
overview,United Kingdom,K02000001,2020/12/15,34386,1995569
overview,United Kingdom,K02000001,2020/12/14,35201,1961183
overview,United Kingdom,K02000001,2020/12/13,22269,1925982
overview,United Kingdom,K02000001,2020/12/12,19597,1903713
overview,United Kingdom,K02000001,2020/12/11,24397,1884116
overview,United Kingdom,K02000001,2020/12/10,22919,1859719
overview,United Kingdom,K02000001,2020/12/9,21910,1836800
overview,United Kingdom,K02000001,2020/12/8,21069,1814890
overview,United Kingdom,K02000001,2020/12/7,21587,1793821
overview,United Kingdom,K02000001,2020/12/6,13740,1772234
overview,United Kingdom,K02000001,2020/12/5,12905,1758494
overview,United Kingdom,K02000001,2020/12/4,15833,1745589
overview,United Kingdom,K02000001,2020/12/3,15857,1729756
overview,United Kingdom,K02000001,2020/12/2,16676,1713899
overview,United Kingdom,K02000001,2020/12/1,16688,1697223
overview,United Kingdom,K02000001,2020/11/30,18203,1680535
overview,United Kingdom,K02000001,2020/11/29,10852,1662332
overview,United Kingdom,K02000001,2020/11/28,11096,1651480
overview,United Kingdom,K02000001,2020/11/27,14555,1640384
overview,United Kingdom,K02000001,2020/11/26,14755,1625829
overview,United Kingdom,K02000001,2020/11/25,16813,1611074
overview,United Kingdom,K02000001,2020/11/24,16675,1594261
overview,United Kingdom,K02000001,2020/11/23,19020,1577586
overview,United Kingdom,K02000001,2020/11/22,11900,1558566
overview,United Kingdom,K02000001,2020/11/21,12539,1546666
overview,United Kingdom,K02000001,2020/11/20,17108,1534127
overview,United Kingdom,K02000001,2020/11/19,18037,1517019
overview,United Kingdom,K02000001,2020/11/18,21081,1498982
overview,United Kingdom,K02000001,2020/11/17,23487,1477901
overview,United Kingdom,K02000001,2020/11/16,26950,1454414
overview,United Kingdom,K02000001,2020/11/15,16233,1427464
overview,United Kingdom,K02000001,2020/11/14,18223,1411231
overview,United Kingdom,K02000001,2020/11/13,24389,1393008
overview,United Kingdom,K02000001,2020/11/12,24818,1368619
overview,United Kingdom,K02000001,2020/11/11,27755,1343801
overview,United Kingdom,K02000001,2020/11/10,27788,1316046
overview,United Kingdom,K02000001,2020/11/9,31518,1288258
overview,United Kingdom,K02000001,2020/11/8,20255,1256740
overview,United Kingdom,K02000001,2020/11/7,18771,1236485
overview,United Kingdom,K02000001,2020/11/6,23652,1217714
overview,United Kingdom,K02000001,2020/11/5,24055,1194062
overview,United Kingdom,K02000001,2020/11/4,24022,1170007
overview,United Kingdom,K02000001,2020/11/3,25938,1145985
overview,United Kingdom,K02000001,2020/11/2,31917,1120047
overview,United Kingdom,K02000001,2020/11/1,15972,1088130
overview,United Kingdom,K02000001,2020/10/31,16681,1072158
overview,United Kingdom,K02000001,2020/10/30,22890,1055477
overview,United Kingdom,K02000001,2020/10/29,23615,1032587
overview,United Kingdom,K02000001,2020/10/28,23900,1008972
overview,United Kingdom,K02000001,2020/10/27,24353,985072
overview,United Kingdom,K02000001,2020/10/26,26805,960719
overview,United Kingdom,K02000001,2020/10/25,15897,933914
overview,United Kingdom,K02000001,2020/10/24,16429,918017
overview,United Kingdom,K02000001,2020/10/23,21710,901588
overview,United Kingdom,K02000001,2020/10/22,23496,879878
overview,United Kingdom,K02000001,2020/10/21,25784,856382
overview,United Kingdom,K02000001,2020/10/20,25680,830598
overview,United Kingdom,K02000001,2020/10/19,25926,804918
overview,United Kingdom,K02000001,2020/10/18,14331,778992
overview,United Kingdom,K02000001,2020/10/17,14888,764661
overview,United Kingdom,K02000001,2020/10/16,17938,749773
overview,United Kingdom,K02000001,2020/10/15,18640,731835
overview,United Kingdom,K02000001,2020/10/14,19934,713195
overview,United Kingdom,K02000001,2020/10/13,19137,693261
overview,United Kingdom,K02000001,2020/10/12,19711,674124
overview,United Kingdom,K02000001,2020/10/11,12213,654413
overview,United Kingdom,K02000001,2020/10/10,12652,642200
overview,United Kingdom,K02000001,2020/10/9,15903,629548
overview,United Kingdom,K02000001,2020/10/8,18427,613645
overview,United Kingdom,K02000001,2020/10/7,18576,595218
overview,United Kingdom,K02000001,2020/10/6,17251,576642
overview,United Kingdom,K02000001,2020/10/5,16754,559391
overview,United Kingdom,K02000001,2020/10/4,11954,542637
overview,United Kingdom,K02000001,2020/10/3,11667,530683
overview,United Kingdom,K02000001,2020/10/2,13855,519016
overview,United Kingdom,K02000001,2020/10/1,13358,505161
overview,United Kingdom,K02000001,2020/9/30,12717,491803
overview,United Kingdom,K02000001,2020/9/29,10368,479086
overview,United Kingdom,K02000001,2020/9/28,9983,468718
overview,United Kingdom,K02000001,2020/9/27,7023,458735
overview,United Kingdom,K02000001,2020/9/26,6809,451712
overview,United Kingdom,K02000001,2020/9/25,7318,444903
overview,United Kingdom,K02000001,2020/9/24,7682,437585
overview,United Kingdom,K02000001,2020/9/23,7096,429903
overview,United Kingdom,K02000001,2020/9/22,6441,422807
overview,United Kingdom,K02000001,2020/9/21,5627,416366
overview,United Kingdom,K02000001,2020/9/20,5340,410739
overview,United Kingdom,K02000001,2020/9/19,4889,405399
overview,United Kingdom,K02000001,2020/9/18,4973,400510
overview,United Kingdom,K02000001,2020/9/17,4676,395537
overview,United Kingdom,K02000001,2020/9/16,4399,390861
overview,United Kingdom,K02000001,2020/9/15,3552,386462
overview,United Kingdom,K02000001,2020/9/14,3428,382910
overview,United Kingdom,K02000001,2020/9/13,2154,379482
overview,United Kingdom,K02000001,2020/9/12,2670,377328
overview,United Kingdom,K02000001,2020/9/11,3324,374658
overview,United Kingdom,K02000001,2020/9/10,3628,371334
overview,United Kingdom,K02000001,2020/9/9,3366,367706
overview,United Kingdom,K02000001,2020/9/8,3370,364340
overview,United Kingdom,K02000001,2020/9/7,3931,360970
overview,United Kingdom,K02000001,2020/9/6,2465,357039
overview,United Kingdom,K02000001,2020/9/5,2551,354574
overview,United Kingdom,K02000001,2020/9/4,3092,352023
overview,United Kingdom,K02000001,2020/9/3,3152,348931
overview,United Kingdom,K02000001,2020/9/2,3077,345779
overview,United Kingdom,K02000001,2020/9/1,2288,342702
overview,United Kingdom,K02000001,2020/8/31,1513,340414
overview,United Kingdom,K02000001,2020/8/30,1171,338901
overview,United Kingdom,K02000001,2020/8/29,1230,337730
overview,United Kingdom,K02000001,2020/8/28,1632,336500
overview,United Kingdom,K02000001,2020/8/27,1591,334868
overview,United Kingdom,K02000001,2020/8/26,1388,333277
overview,United Kingdom,K02000001,2020/8/25,1270,331889
overview,United Kingdom,K02000001,2020/8/24,1301,330619
overview,United Kingdom,K02000001,2020/8/23,831,329318
overview,United Kingdom,K02000001,2020/8/22,842,328487
overview,United Kingdom,K02000001,2020/8/21,1218,327645
overview,United Kingdom,K02000001,2020/8/20,1498,326427
overview,United Kingdom,K02000001,2020/8/19,1282,324929
overview,United Kingdom,K02000001,2020/8/18,1116,323647
overview,United Kingdom,K02000001,2020/8/17,1298,322531
overview,United Kingdom,K02000001,2020/8/16,602,321233
overview,United Kingdom,K02000001,2020/8/15,714,320631
overview,United Kingdom,K02000001,2020/8/14,1185,319917
overview,United Kingdom,K02000001,2020/8/13,1156,318732
overview,United Kingdom,K02000001,2020/8/12,1242,317576
overview,United Kingdom,K02000001,2020/8/11,1378,316334
overview,United Kingdom,K02000001,2020/8/10,1499,314956
overview,United Kingdom,K02000001,2020/8/9,627,313457
overview,United Kingdom,K02000001,2020/8/8,710,312830
overview,United Kingdom,K02000001,2020/8/7,973,312120
overview,United Kingdom,K02000001,2020/8/6,1105,311147
overview,United Kingdom,K02000001,2020/8/5,1092,310042
overview,United Kingdom,K02000001,2020/8/4,1065,308950
overview,United Kingdom,K02000001,2020/8/3,1060,307885
overview,United Kingdom,K02000001,2020/8/2,564,306825
overview,United Kingdom,K02000001,2020/8/1,559,306261
overview,United Kingdom,K02000001,2020/7/31,697,305702
overview,United Kingdom,K02000001,2020/7/30,946,305005
overview,United Kingdom,K02000001,2020/7/29,1062,304059
overview,United Kingdom,K02000001,2020/7/28,856,302997
overview,United Kingdom,K02000001,2020/7/27,869,302141
overview,United Kingdom,K02000001,2020/7/26,563,301272
overview,United Kingdom,K02000001,2020/7/25,530,300709
overview,United Kingdom,K02000001,2020/7/24,774,300179
overview,United Kingdom,K02000001,2020/7/23,808,299405
overview,United Kingdom,K02000001,2020/7/22,816,298597
overview,United Kingdom,K02000001,2020/7/21,788,297781
overview,United Kingdom,K02000001,2020/7/20,830,296993
overview,United Kingdom,K02000001,2020/7/19,448,296163
overview,United Kingdom,K02000001,2020/7/18,505,295715
overview,United Kingdom,K02000001,2020/7/17,582,295210
overview,United Kingdom,K02000001,2020/7/16,712,294628
overview,United Kingdom,K02000001,2020/7/15,777,293916
overview,United Kingdom,K02000001,2020/7/14,705,293139
overview,United Kingdom,K02000001,2020/7/13,740,292434
overview,United Kingdom,K02000001,2020/7/12,366,291694
overview,United Kingdom,K02000001,2020/7/11,459,291328
overview,United Kingdom,K02000001,2020/7/10,568,290869
overview,United Kingdom,K02000001,2020/7/9,722,290301
overview,United Kingdom,K02000001,2020/7/8,713,289579
overview,United Kingdom,K02000001,2020/7/7,608,288866
overview,United Kingdom,K02000001,2020/7/6,714,288258
overview,United Kingdom,K02000001,2020/7/5,0,287544
overview,United Kingdom,K02000001,2020/7/4,399,286986
overview,United Kingdom,K02000001,2020/7/3,568,286587
overview,United Kingdom,K02000001,2020/7/2,606,286019
overview,United Kingdom,K02000001,2020/7/1,652,285413
overview,United Kingdom,K02000001,2020/6/30,623,284761
overview,United Kingdom,K02000001,2020/6/29,724,284138
overview,United Kingdom,K02000001,2020/6/28,449,283414
overview,United Kingdom,K02000001,2020/6/27,653,282965
overview,United Kingdom,K02000001,2020/6/26,666,282312
overview,United Kingdom,K02000001,2020/6/25,726,281646
overview,United Kingdom,K02000001,2020/6/24,0,280920
overview,United Kingdom,K02000001,2020/6/23,883,280143
overview,United Kingdom,K02000001,2020/6/22,899,279260
overview,United Kingdom,K02000001,2020/6/21,636,278361
overview,United Kingdom,K02000001,2020/6/20,683,277725
overview,United Kingdom,K02000001,2020/6/19,993,277042
overview,United Kingdom,K02000001,2020/6/18,1022,276049
overview,United Kingdom,K02000001,2020/6/17,1017,275027
overview,United Kingdom,K02000001,2020/6/16,1103,274010
overview,United Kingdom,K02000001,2020/6/15,1045,272907
overview,United Kingdom,K02000001,2020/6/14,826,271862
overview,United Kingdom,K02000001,2020/6/13,886,271036
overview,United Kingdom,K02000001,2020/6/12,1053,270150
overview,United Kingdom,K02000001,2020/6/11,1013,269097
overview,United Kingdom,K02000001,2020/6/10,1196,268084
overview,United Kingdom,K02000001,2020/6/9,1165,266888
overview,United Kingdom,K02000001,2020/6/8,1099,265723
overview,United Kingdom,K02000001,2020/6/7,722,264624
overview,United Kingdom,K02000001,2020/6/6,804,263902
overview,United Kingdom,K02000001,2020/6/5,1123,263098
overview,United Kingdom,K02000001,2020/6/4,1249,261975
overview,United Kingdom,K02000001,2020/6/3,1369,260726
overview,United Kingdom,K02000001,2020/6/2,1492,259357
overview,United Kingdom,K02000001,2020/6/1,1438,257865
overview,United Kingdom,K02000001,2020/5/31,1080,256427
overview,United Kingdom,K02000001,2020/5/30,1132,255347
overview,United Kingdom,K02000001,2020/5/29,1531,254215
overview,United Kingdom,K02000001,2020/5/28,1757,252684
overview,United Kingdom,K02000001,2020/5/27,1825,250927
overview,United Kingdom,K02000001,2020/5/26,2070,249102
overview,United Kingdom,K02000001,2020/5/25,1625,247032
overview,United Kingdom,K02000001,2020/5/24,1373,245407
overview,United Kingdom,K02000001,2020/5/23,1531,244034
overview,United Kingdom,K02000001,2020/5/22,2057,242503
overview,United Kingdom,K02000001,2020/5/21,2567,240446
overview,United Kingdom,K02000001,2020/5/20,2719,237879
overview,United Kingdom,K02000001,2020/5/19,3063,235160
overview,United Kingdom,K02000001,2020/5/18,2581,232097
overview,United Kingdom,K02000001,2020/5/17,1837,229516
overview,United Kingdom,K02000001,2020/5/16,2082,227679
overview,United Kingdom,K02000001,2020/5/15,2530,225597
overview,United Kingdom,K02000001,2020/5/14,2630,223067
overview,United Kingdom,K02000001,2020/5/13,3330,220437
overview,United Kingdom,K02000001,2020/5/12,3410,217107
overview,United Kingdom,K02000001,2020/5/11,3612,213697
overview,United Kingdom,K02000001,2020/5/10,2337,210085
overview,United Kingdom,K02000001,2020/5/9,2170,207748
overview,United Kingdom,K02000001,2020/5/8,3064,205578
overview,United Kingdom,K02000001,2020/5/7,3787,202514
overview,United Kingdom,K02000001,2020/5/6,3832,198727
overview,United Kingdom,K02000001,2020/5/5,3686,194895
overview,United Kingdom,K02000001,2020/5/4,3398,191209
overview,United Kingdom,K02000001,2020/5/3,3003,187811
overview,United Kingdom,K02000001,2020/5/2,3258,184808
overview,United Kingdom,K02000001,2020/5/1,4766,181550
overview,United Kingdom,K02000001,2020/4/30,4961,176784
overview,United Kingdom,K02000001,2020/4/29,5433,171823
overview,United Kingdom,K02000001,2020/4/28,4720,166390
overview,United Kingdom,K02000001,2020/4/27,4739,161670
overview,United Kingdom,K02000001,2020/4/26,3476,156931
overview,United Kingdom,K02000001,2020/4/25,3757,153455
overview,United Kingdom,K02000001,2020/4/24,4961,149698
overview,United Kingdom,K02000001,2020/4/23,5167,144737
overview,United Kingdom,K02000001,2020/4/22,5517,139570
overview,United Kingdom,K02000001,2020/4/21,4795,134053
overview,United Kingdom,K02000001,2020/4/20,4441,129258
overview,United Kingdom,K02000001,2020/4/19,3881,124817
overview,United Kingdom,K02000001,2020/4/18,4743,120936
overview,United Kingdom,K02000001,2020/4/17,4977,116193
overview,United Kingdom,K02000001,2020/4/16,5292,111216
overview,United Kingdom,K02000001,2020/4/15,5070,105924
overview,United Kingdom,K02000001,2020/4/14,4335,100854
overview,United Kingdom,K02000001,2020/4/13,4203,96519
overview,United Kingdom,K02000001,2020/4/12,3507,92316
overview,United Kingdom,K02000001,2020/4/11,3585,88809
overview,United Kingdom,K02000001,2020/4/10,4327,85224
overview,United Kingdom,K02000001,2020/4/9,4875,80897
overview,United Kingdom,K02000001,2020/4/8,5146,76022
overview,United Kingdom,K02000001,2020/4/7,5477,70876
overview,United Kingdom,K02000001,2020/4/6,5273,65399
overview,United Kingdom,K02000001,2020/4/5,3556,60126
overview,United Kingdom,K02000001,2020/4/4,3976,56570
overview,United Kingdom,K02000001,2020/4/3,4852,52594
overview,United Kingdom,K02000001,2020/4/2,4824,47742
overview,United Kingdom,K02000001,2020/4/1,4891,42918
overview,United Kingdom,K02000001,2020/3/31,4463,38027
overview,United Kingdom,K02000001,2020/3/30,4195,33564
overview,United Kingdom,K02000001,2020/3/29,2818,29369
overview,United Kingdom,K02000001,2020/3/28,2774,26551
overview,United Kingdom,K02000001,2020/3/27,3154,23777
overview,United Kingdom,K02000001,2020/3/26,3039,20623
overview,United Kingdom,K02000001,2020/3/25,2666,17584
overview,United Kingdom,K02000001,2020/3/24,2354,14918
overview,United Kingdom,K02000001,2020/3/23,2290,12564
overview,United Kingdom,K02000001,2020/3/22,0,10274
overview,United Kingdom,K02000001,2020/3/21,0,8911
overview,United Kingdom,K02000001,2020/3/20,0,7730
overview,United Kingdom,K02000001,2020/3/19,0,6478
overview,United Kingdom,K02000001,2020/3/18,981,5436
overview,United Kingdom,K02000001,2020/3/17,783,4455
overview,United Kingdom,K02000001,2020/3/16,602,3672
overview,United Kingdom,K02000001,2020/3/15,441,3070
overview,United Kingdom,K02000001,2020/3/14,352,2629
overview,United Kingdom,K02000001,2020/3/13,478,2277
overview,United Kingdom,K02000001,2020/3/12,483,1799
overview,United Kingdom,K02000001,2020/3/11,402,1316
overview,United Kingdom,K02000001,2020/3/10,265,914
overview,United Kingdom,K02000001,2020/3/9,148,649
overview,United Kingdom,K02000001,2020/3/8,55,501
overview,United Kingdom,K02000001,2020/3/7,68,446
overview,United Kingdom,K02000001,2020/3/6,83,378
overview,United Kingdom,K02000001,2020/3/5,49,295
overview,United Kingdom,K02000001,2020/3/4,56,246
overview,United Kingdom,K02000001,2020/3/3,57,190
overview,United Kingdom,K02000001,2020/3/2,41,133
overview,United Kingdom,K02000001,2020/3/1,20,92
overview,United Kingdom,K02000001,2020/2/29,4,72
overview,United Kingdom,K02000001,2020/2/28,12,68
overview,United Kingdom,K02000001,2020/2/27,8,56
overview,United Kingdom,K02000001,2020/2/26,2,48
overview,United Kingdom,K02000001,2020/2/25,3,46
overview,United Kingdom,K02000001,2020/2/24,2,43
overview,United Kingdom,K02000001,2020/2/23,6,41
overview,United Kingdom,K02000001,2020/2/22,0,35
overview,United Kingdom,K02000001,2020/2/21,2,35
overview,United Kingdom,K02000001,2020/2/20,0,33
overview,United Kingdom,K02000001,2020/2/19,0,33
overview,United Kingdom,K02000001,2020/2/18,0,33
overview,United Kingdom,K02000001,2020/2/17,1,33
overview,United Kingdom,K02000001,2020/2/16,0,32
overview,United Kingdom,K02000001,2020/2/15,0,32
overview,United Kingdom,K02000001,2020/2/14,0,32
overview,United Kingdom,K02000001,2020/2/13,1,32
overview,United Kingdom,K02000001,2020/2/12,1,31
overview,United Kingdom,K02000001,2020/2/11,4,30
overview,United Kingdom,K02000001,2020/2/10,1,26
overview,United Kingdom,K02000001,2020/2/9,1,25
overview,United Kingdom,K02000001,2020/2/8,3,24
overview,United Kingdom,K02000001,2020/2/7,0,21
overview,United Kingdom,K02000001,2020/2/6,0,21
overview,United Kingdom,K02000001,2020/2/5,1,21
overview,United Kingdom,K02000001,2020/2/4,0,20
overview,United Kingdom,K02000001,2020/2/3,18,20
overview,United Kingdom,K02000001,2020/2/2,1,2
overview,United Kingdom,K02000001,2020/2/1,0,1
overview,United Kingdom,K02000001,2020/1/31,0,1
overview,United Kingdom,K02000001,2020/1/30,1,1
